{"_wandb":{"runtime":2},"_runtime":2,"train_time_sec":0.43608704199868953,"_timestamp":1.768858666743103e+09,"_step":0,"accuracy":0.9725,"pca_time_sec":0.10043483299523359}