{"_step":0,"accuracy":0.9725,"pca_time_sec":0.10251224999956321,"_runtime":1,"_wandb":{"runtime":1},"train_time_sec":0.44389879099617247,"_timestamp":1.768856492692585e+09}