{"train_time_sec":0.4658695410034852,"_timestamp":1.768949526379057e+09,"_wandb":{"runtime":3},"_runtime":3,"_step":0,"accuracy":0.9725,"pca_time_sec":0.10745933299767785}